YearStart,Weighted_Data_Value
2001,11.214544048175162
2003,9.778088499583282
2005,12.153392274687645
2007,12.840810694151633
2009,12.5926954693809
2011,13.688488203142663
2013,12.607668236718172
2015,15.362113315993579
2017,15.976858012704259
2019,15.914638561783912
