YearStart,Weighted_Data_Value
2011,30.34178843047904
2012,31.38502956768736
2013,31.319465156068908
2014,32.64057476704768
2015,32.97494466720443
2016,32.98573855663037
2017,33.69462109608006
2018,34.979276682671994
2019,34.94271196124252
2020,35.33665142915762
2021,37.24435740696305
2022,36.850960346154096
