YearStart,Weighted_Data_Value
2001,15.301401462664138
2003,14.04065934065934
2005,15.387739729254143
2007,15.255932567564589
2009,15.937031687278472
2011,16.280823541173184
2013,15.58572543381122
2015,16.57157628444528
2017,17.60953349488928
2019,17.961757942142793
