YearStart,Weighted_Data_Value
2001,11.592892220743586
2003,12.711666822027468
2005,12.883687388141876
2007,13.115907102603954
2009,12.303659272175413
2011,13.159691684284082
2013,13.807696181583848
2015,14.818272538202825
2017,14.999515911308574
2019,14.388169072446175
