YearStart,Weighted_Data_Value
2011,35.99552445551797
2012,35.66042601245167
2013,35.62228271299555
2014,35.33475571823912
2015,35.74549444971409
2016,35.49989648891592
2017,35.121576564348494
2018,34.8296492927882
2019,34.78470122999977
2020,35.063516033205765
2021,34.35706853427112
2022,33.78448812950993
