YearStart,Weighted_Data_Value
2001,13.672996639590226
2003,13.879920700056438
2005,14.062913283839155
2007,14.851720611651935
2009,14.822557752033564
2011,15.08590251270465
2013,14.748042564162713
2015,16.437815816611845
2017,15.934279662456763
2019,15.02882827279824
