YearStart,Weighted_Data_Value
2001,12.220976991875485
2003,13.294677198329833
2005,13.323114528855879
2007,14.50081117079336
2009,14.538387155773439
2011,14.615578335055375
2013,14.749604899200037
2015,16.738609565712256
2017,16.781846408029796
2019,17.92667022280874
