YearStart,Weighted_Data_Value
2011,35.22589719781968
2012,35.192018397658735
2013,35.4049167735188
2014,35.26123031730382
2015,35.511062067369075
2016,34.94298076308519
2017,35.473321975898706
2018,34.41096999491685
2019,34.74743145588074
2020,34.03562692780084
2021,33.89446522835116
2022,34.066915723634324
