YearStart,Weighted_Data_Value
2011,28.721409092552847
2012,29.609484374285394
2013,29.609621379338986
2014,31.081267352375814
2015,31.049669711316927
2016,31.307928636621085
2017,31.853756955759387
2018,33.1802202326096
2019,33.618387146908645
2020,33.689794461679625
2021,35.46689788569239
2022,35.47724155949204
