YearStart,Weighted_Data_Value
2001,14.613681072062803
2003,15.975321618718969
2005,16.57375214777438
2007,16.811834078630433
2009,15.020451313463514
2011,16.54258071761277
2013,15.016417789771353
2015,16.10844569714135
2017,16.151283861295937
2019,15.847078840386601
