YearStart,Weighted_Data_Value
2011,34.81085941835734
2012,35.32763285108145
2013,35.452887254208555
2014,35.45508056876718
2015,35.21726757197997
2016,34.91766706579491
2017,35.42566854747123
2018,34.22293134793526
2019,34.800906295673414
2020,33.744654902137434
2021,33.4006211657598
2022,34.016831673725925
