YearStart,Weighted_Data_Value
2001,9.661203821540852
2003,11.225351500066441
2005,11.026665969403885
2007,11.389323458616806
2009,11.315883945272336
2011,11.122662981930725
2013,11.486833631290775
2015,12.344074874463855
2017,13.174882430005272
2019,13.908240061319015
