YearStart,Weighted_Data_Value
2001,10.283132579578968
2003,13.34453354813553
2005,12.513306362450397
2007,14.480444363486363
2009,12.278222629435536
2011,12.659268473395011
2013,12.233085034535467
2015,14.462940963103106
2017,15.011331719204952
2019,15.766834625829697
