YearStart,Weighted_Data_Value
2011,28.8869379941344
2012,29.595335429041928
2013,30.03017742924065
2014,30.816777456125035
2015,30.382783561523375
2016,31.285797139936797
2017,32.50738468825917
2018,32.92976076844648
2019,33.73333325252872
2020,34.1779951178706
2021,35.0107766803858
2022,36.03453882437267
