YearStart,Weighted_Data_Value
2011,30.17072461198987
2012,30.73311117414843
2013,31.580132729440724
2014,31.25106723769939
2015,32.288427745199535
2016,33.13395617228369
2017,33.331938838119136
2018,34.63707477079211
2019,34.896998498483065
2020,35.37919820578715
2021,37.08073213126259
2022,36.48919701725199
