YearStart,Weighted_Data_Value
2011,27.841573046118125
2012,27.35375124314826
2013,28.696242589344884
2014,29.11746362702661
2015,28.904015105266243
2016,30.190291063085592
2017,30.633454255831396
2018,30.841108710940425
2019,32.64862565403839
2020,31.681722708014
2021,33.05300120125594
2022,33.261506003554736
