YearStart,Weighted_Data_Value
2011,36.0353980262059
2012,35.62418323952503
2013,35.619209937647376
2014,35.646206418166486
2015,36.243817010160136
2016,35.51055679139985
2017,35.36177280190634
2018,35.2913184926922
2019,35.4372191181783
2020,34.9303442647129
2021,35.30657567800117
2022,34.96233569734596
