YearStart,Weighted_Data_Value
2001,7.147513812154696
2003,9.880187046057511
2005,10.584274880892705
2007,11.785379879685468
2009,11.594815702855774
2011,11.210795095735746
2013,11.531913776193424
2015,13.638961430119053
2017,14.638390459593326
2019,15.442460068300276
