YearStart,Weighted_Data_Value
2011,25.200087289386744
2012,25.328581120202504
2013,25.97776573228926
2014,26.28624049415767
2015,26.038739312135526
2016,27.250672171944586
2017,27.54651290160064
2018,27.952417316927406
2019,28.670576128545406
2020,28.090761379277154
2021,30.404928628644214
2022,30.051522394865824
