YearStart,Weighted_Data_Value
2011,26.903651465340168
2012,27.07408460707925
2013,28.037301928941588
2014,28.81793468222632
2015,28.953843973019445
2016,29.024816447696708
2017,30.222408583644334
2018,31.15887644028175
2019,31.763335648495428
2020,31.813071918807395
2021,33.91981541919473
2022,33.78356563552176
