YearStart,Weighted_Data_Value
2011,35.73441475772254
2012,36.292907897518376
2013,36.06203730956257
2014,35.80522310606611
2015,35.50539055096258
2016,36.423467315168715
2017,35.857329965116755
2018,35.27130282741551
2019,35.3869974129096
2020,35.848871304027696
2021,34.704462292767
2022,35.0519776652438
