YearStart,Weighted_Data_Value
2001,7.906008159886947
2003,9.05339798151057
2005,10.176094620026873
2007,10.062488088140269
2009,9.944875716565225
2011,10.088552233215022
2013,11.450600094255682
2015,12.537848511669075
2017,13.194268223722183
2019,13.650447726734676
