YearStart,Weighted_Data_Value
2011,36.03136668351734
2012,36.36284549678193
2013,36.29029763102715
2014,35.47874626565807
2015,36.14118229075438
2016,35.83683916173361
2017,36.0643511817158
2018,35.84509863164819
2019,35.11918767984476
2020,35.74794764341683
2021,34.36226672562914
2022,35.342821481396946
