YearStart,Weighted_Data_Value
2001,10.588198281154082
2003,13.189245987388945
2005,13.639279838798375
2007,14.069767352363238
2009,13.506739039155693
2011,13.820469973536834
2013,14.297325394892386
2015,16.235808688387294
2017,15.894391508742585
2019,15.664882456332075
