YearStart,Weighted_Data_Value
2011,35.6031417340993
2012,35.385745129404704
2013,35.35072673601938
2014,35.43956196234951
2015,34.83273279662708
2016,34.737567982968756
2017,34.356035627478406
2018,34.3232557824047
2019,34.575064104653755
2020,34.19154825020488
2021,33.82642829032782
2022,33.87682522156773
