YearStart,Weighted_Data_Value
2001,12.993543041246312
2003,13.01725114448861
2005,14.319808604092913
2007,14.52762042157303
2009,14.920401231332988
2011,15.377266549106855
2013,14.499373464371567
2015,16.13602754637987
2017,16.780983542534006
2019,17.076095502507737
