YearStart,Weighted_Data_Value
2001,14.636207548663325
2003,14.70334960616365
2005,15.685838042155344
2007,17.052485600766
2009,15.480689546947072
2011,15.808840926710264
2013,15.49675472876085
2015,16.803473514340062
2017,16.05632202285681
2019,17.686192646094014
