YearStart,Weighted_Data_Value
2011,35.059744925080686
2012,35.736335864608904
2013,34.69978161966832
2014,35.34065387178592
2015,35.81345487986286
2016,34.869339514959826
2017,34.92702518649873
2018,34.67070816546614
2019,34.04481740886785
2020,34.580234971459454
2021,33.78563067791286
2022,34.20713023458338
