YearStart,Weighted_Data_Value
2011,25.18877048151481
2012,25.868785894711674
2013,26.20290228591735
2014,27.073553666155256
2015,27.419731756729067
2016,27.39204092737497
2017,28.727309647282986
2018,28.344657212859854
2019,29.199762219630884
2020,29.570819091543008
2021,30.095492307513926
2022,30.997573437719293
