YearStart,Weighted_Data_Value
2001,13.741559984448752
2003,14.268856444673323
2005,14.741951530196138
2007,14.40425454978178
2009,14.631521246705015
2011,14.259225543878399
2013,14.431910362159906
2015,14.556256521383727
2017,15.31197252764626
2019,14.844640674115595
