YearStart,Weighted_Data_Value
2001,13.816086772083299
2003,10.94765234765235
2005,13.937744087146928
2007,13.932150913030124
2009,13.774150612730562
2011,15.23971554901232
2013,14.203178770188284
2015,16.848072479095844
2017,18.002317569695045
2019,17.675098085356883
