YearStart,Weighted_Data_Value
2001,10.032492577040706
2003,11.729009555792938
2005,12.304338932077481
2007,12.205966371376682
2009,11.3918261881214
2011,12.804998205191161
2013,12.275291852879247
2015,13.604058365247006
2017,15.253168283774684
2019,15.924274950222605
