YearStart,LocationDesc,Weighted_Data_Value
2011,National,27.403164203931766
2012,National,27.67689969248593
2013,National,28.253889659229383
2014,National,28.846556060727963
2015,National,28.789366281567606
2016,National,29.515771882945348
2017,National,30.048435176998396
2018,National,30.876317202825543
2019,National,31.30200456505471
2020,National,31.763344131077748
2021,National,32.85380899999175
2022,National,33.20545061933258
