,Year,LocationDesc,Weighted_Data_Value
0,2011,National,27.40316420393177
1,2012,National,27.67689969248593
2,2013,National,28.253889659229383
3,2014,National,28.846556060727963
4,2015,National,28.78936628156761
5,2016,National,29.515771882945348
6,2017,National,30.048435176998396
7,2018,National,30.876317202825543
8,2019,National,31.30200456505471
9,2020,National,31.763344131077748
10,2021,National,32.85380899999175
11,2022,National,33.20545061933258
