,Year,LocationDesc,Weighted_Data_Value
0,2001,National,10.777436651044562
1,2003,National,12.199632628312584
2,2005,National,13.139717147908074
3,2007,National,13.07544934096658
4,2009,National,11.931245211664791
5,2011,National,13.146011957095128
6,2013,National,13.782396166134188
7,2015,National,13.943989765338848
8,2017,National,14.863031402118928
9,2019,National,15.455182223176426
