YearStart,LocationDesc,Weighted_Data_Value
2001,National,10.777436651044562
2003,National,12.199632628312585
2005,National,13.139717147908074
2007,National,13.07544934096658
2009,National,11.931245211664793
2011,National,13.146011957095128
2013,National,13.782396166134188
2015,National,13.943989765338848
2017,National,14.863031402118928
2019,National,15.455182223176426
