YearStart,LocationDesc,Weighted_Data_Value
2001,National,13.748786639129397
2003,National,14.863255697827869
2005,National,15.730216511110688
2007,National,15.75102231013561
2009,National,15.778499356121731
2011,National,15.306942148760331
2013,National,16.66132587859425
2015,National,16.104524982036768
2017,National,15.730231936623078
2019,National,16.1452391175997
