YearStart,LocationDesc,Weighted_Data_Value
2011,National,35.86360744583096
2012,National,35.85887191148373
2013,National,35.65804964402962
2014,National,35.37462714155925
2015,National,35.824067950069136
2016,National,35.40803315557351
2017,National,35.47864443134558
2018,National,35.1848443035142
2019,National,35.40794508165868
2020,National,35.047655815043804
2021,National,34.644272766081066
2022,National,34.35621264212844
