YearStart,Weighted_Data_Value
2001,9.2
2003,9.6
2005,13.5
2007,13.5
2009,13.4
2011,13.6
2013,15.200000000000001
2015,17.5
2017,17.7
2019,15.599999999999998
