YearStart,Weighted_Data_Value
2001,6.7
2003,6.8
2005,5.4
2007,7.2
2009,7.200000000000001
2011,9.8
2013,5.599999999999999
2015,5.5
2017,7.8999999999999995
2019,6.5
