YearStart,Weighted_Data_Value
2001,8.8
2003,10.3
2005,11.7
2007,10.6
2009,10.2
2011,11.5
2013,13.1
2015,12.400000000000002
2017,12.5
2019,13.099999999999998
