YearStart,Weighted_Data_Value
2011,26.199999999999996
2012,26.5
2013,27.1
2014,27.8
2015,27.9
2016,28.600000000000005
2017,29.299999999999997
2018,29.900000000000002
2019,30.4
2020,30.7
2021,32.0
2022,32.5
